{
  "fmlloader-1.20.1-47.4.0.jar (modloader)": {
    "jarName": "fmlloader-1.20.1-47.4.0.jar (modloader)",
    "modId": "forge",
    "version": "fmlloader-1.20.1-47.4.0.jar"
  },
  "AI-Improvements-1.20-0.5.2.jar": {
    "jarName": "AI-Improvements-1.20-0.5.2.jar",
    "modId": "aiimprovements",
    "version": "0.5.2"
  },
  "alexsmobs-1.22.9.jar": {
    "jarName": "alexsmobs-1.22.9.jar",
    "modId": "alexsmobs",
    "version": "1.22.9"
  },
  "almanac-1.20.x-forge-1.0.2.jar": {
    "jarName": "almanac-1.20.x-forge-1.0.2.jar",
    "modId": "almanac",
    "version": "1.0.2"
  },
  "AmbientSounds_FORGE_v6.1.11_mc1.20.1.jar": {
    "jarName": "AmbientSounds_FORGE_v6.1.11_mc1.20.1.jar",
    "modId": "ambientsounds",
    "version": "6.1.11"
  },
  "architectury-9.2.14-forge.jar": {
    "jarName": "architectury-9.2.14-forge.jar",
    "modId": "architectury",
    "version": "9.2.14"
  },
  "artifacts-forge-9.5.16.jar": {
    "jarName": "artifacts-forge-9.5.16.jar",
    "modId": "artifacts",
    "version": "9.5.16"
  },
  "athena-forge-1.20.1-3.1.2.jar": {
    "jarName": "athena-forge-1.20.1-3.1.2.jar",
    "modId": "athena",
    "version": "3.1.2"
  },
  "BadOptimizations-2.3.0-1.20.1.jar": {
    "jarName": "BadOptimizations-2.3.0-1.20.1.jar",
    "modId": "badoptimizations",
    "version": "2.3.0"
  },
  "BalancedExplorersCompass.jar": {
    "jarName": "BalancedExplorersCompass.jar",
    "modId": "explorerscompass",
    "version": "1.20.1-1.3.3-forge"
  },
  "BetterAdvancements-Forge-1.20.1-0.4.2.25.jar": {
    "jarName": "BetterAdvancements-Forge-1.20.1-0.4.2.25.jar",
    "modId": "betteradvancements",
    "version": "0.4.2.25"
  },
  "bettercombat-forge-1.8.6+1.20.1.jar": {
    "jarName": "bettercombat-forge-1.8.6+1.20.1.jar",
    "modId": "bettercombat",
    "version": "1.8.6+1.20.1"
  },
  "betterdays-1.20.1-3.1.1.1-FORGE.jar": {
    "jarName": "betterdays-1.20.1-3.1.1.1-FORGE.jar",
    "modId": "betterdays",
    "version": "1.20.1-3.1.1.1-FORGE"
  },
  "biomemusic-1.20.1-3.5.jar": {
    "jarName": "biomemusic-1.20.1-3.5.jar",
    "modId": "biomemusic",
    "version": "1.20.1-3.5"
  },
  "blueprint-1.20.1-7.1.3.jar": {
    "jarName": "blueprint-1.20.1-7.1.3.jar",
    "modId": "blueprint",
    "version": "7.1.3"
  },
  "bmh-1.20.1-v1.0.0.jar": {
    "jarName": "bmh-1.20.1-v1.0.0.jar",
    "modId": "bmh",
    "version": "1.0.0"
  },
  "BOMD-Forge-1.20.1-1.1.1.jar": {
    "jarName": "BOMD-Forge-1.20.1-1.1.1.jar",
    "modId": "bosses_of_mass_destruction",
    "version": "1.1.1"
  },
  "carryon-forge-1.20.1-2.1.2.7.jar": {
    "jarName": "carryon-forge-1.20.1-2.1.2.7.jar",
    "modId": "carryon",
    "version": "2.1.2.7"
  },
  "CerbonsApi-Forge-1.20.1-1.0.0.jar": {
    "jarName": "CerbonsApi-Forge-1.20.1-1.0.0.jar",
    "modId": "cerbons_api",
    "version": "1.0.0"
  },
  "cherishedworlds-forge-6.1.7+1.20.1.jar": {
    "jarName": "cherishedworlds-forge-6.1.7+1.20.1.jar",
    "modId": "cherishedworlds",
    "version": "6.1.7+1.20.1"
  },
  "chipped-forge-1.20.1-3.0.7.jar": {
    "jarName": "chipped-forge-1.20.1-3.0.7.jar",
    "modId": "chipped",
    "version": "3.0.7"
  },
  "citadel-2.6.2-1.20.1.jar": {
    "jarName": "citadel-2.6.2-1.20.1.jar",
    "modId": "citadel",
    "version": "2.6.2"
  },
  "Classic_Musical_Disc-Forge-1.20.1-1.5.jar": {
    "jarName": "Classic_Musical_Disc-Forge-1.20.1-1.5.jar",
    "modId": "classic_musical_discs",
    "version": "1.5"
  },
  "cloth-config-11.1.136-forge.jar": {
    "jarName": "cloth-config-11.1.136-forge.jar",
    "modId": "cloth_config",
    "version": "11.1.136"
  },
  "collective-1.20.1-8.3.jar": {
    "jarName": "collective-1.20.1-8.3.jar",
    "modId": "collective",
    "version": "8.3"
  },
  "combatlog-2.5+1.20.jar": {
    "jarName": "combatlog-2.5+1.20.jar",
    "modId": "combatlog",
    "version": "2.5"
  },
  "comforts-forge-6.4.0+1.20.1.jar": {
    "jarName": "comforts-forge-6.4.0+1.20.1.jar",
    "modId": "comforts",
    "version": "6.4.0+1.20.1"
  },
  "CompassCoords-1.6.0-mc1.20.jar": {
    "jarName": "CompassCoords-1.6.0-mc1.20.jar",
    "modId": "compasscoords",
    "version": "1.6.0"
  },
  "configured-forge-1.20.1-2.2.3.jar": {
    "jarName": "configured-forge-1.20.1-2.2.3.jar",
    "modId": "configured",
    "version": "2.2.3"
  },
  "cookyourfood--mc1.20.1--1.11.jar": {
    "jarName": "cookyourfood--mc1.20.1--1.11.jar",
    "modId": "cookyourfood",
    "version": "1.11"
  },
  "coroutil-forge-1.20.1-1.3.7.jar": {
    "jarName": "coroutil-forge-1.20.1-1.3.7.jar",
    "modId": "coroutil",
    "version": "1.20.1-1.3.7"
  },
  "corpsebutbetter-1.0.7-forge-1.20.1.jar": {
    "jarName": "corpsebutbetter-1.0.7-forge-1.20.1.jar",
    "modId": "corpsebutbetter",
    "version": "1.0.7"
  },
  "craftable-campfire-1.0.jar": {
    "jarName": "craftable-campfire-1.0.jar",
    "modId": "mr_craftable_campfire",
    "version": "1.0"
  },
  "CraftTweaker-forge-1.20.1-14.0.57.jar": {
    "jarName": "CraftTweaker-forge-1.20.1-14.0.57.jar",
    "modId": "crafttweaker",
    "version": "14.0.57"
  },
  "CrashAssistant-forge-1.19-1.20.1-1.9.15.jar": {
    "jarName": "CrashAssistant-forge-1.19-1.20.1-1.9.15.jar",
    "modId": "crash_assistant",
    "version": "1.9.15"
  },
  "crashutilities-8.1.4.jar": {
    "jarName": "crashutilities-8.1.4.jar",
    "modId": "crashutilities",
    "version": "8.1.4"
  },
  "CreativeCore_FORGE_v2.12.32_mc1.20.1.jar": {
    "jarName": "CreativeCore_FORGE_v2.12.32_mc1.20.1.jar",
    "modId": "creativecore",
    "version": "2.12.32"
  },
  "cupboard-1.20.1-2.7.jar": {
    "jarName": "cupboard-1.20.1-2.7.jar",
    "modId": "cupboard",
    "version": "1.20.1-2.7"
  },
  "curios-forge-5.14.1+1.20.1.jar": {
    "jarName": "curios-forge-5.14.1+1.20.1.jar",
    "modId": "curios",
    "version": "5.14.1+1.20.1"
  },
  "currentgamemusictrack-1.20.1-2.4.jar": {
    "jarName": "currentgamemusictrack-1.20.1-2.4.jar",
    "modId": "currentgamemusictrack",
    "version": "2.4"
  },
  "darkness-forge-1.20.1-2.0.103-fork.jar": {
    "jarName": "darkness-forge-1.20.1-2.0.103-fork.jar",
    "modId": "darkness",
    "version": "2.0.103"
  },
  "DeeperCaves-1.20.1-1.2.7.jar": {
    "jarName": "DeeperCaves-1.20.1-1.2.7.jar",
    "modId": "cavesanddepths",
    "version": "1.2.7"
  },
  "deltaboxlib-forge-2.2.0+1.20.1.jar": {
    "jarName": "deltaboxlib-forge-2.2.0+1.20.1.jar",
    "modId": "deltaboxlib",
    "version": "2.2.0"
  },
  "disable3person-1.1.jar": {
    "jarName": "disable3person-1.1.jar",
    "modId": "disable3person",
    "version": "1.1"
  },
  "DisableStructures-1.20.1-1.0.1.jar": {
    "jarName": "DisableStructures-1.20.1-1.0.1.jar",
    "modId": "disablestructures",
    "version": "1.20.1-1.0.1"
  },
  "DistantFriends-forge-1.20.1-0.5.5.jar": {
    "jarName": "DistantFriends-forge-1.20.1-0.5.5.jar",
    "modId": "distantfriends",
    "version": "0.5.5"
  },
  "dweller_dweller-3.13.1.jar": {
    "jarName": "dweller_dweller-3.13.1.jar",
    "modId": "dweller_dweller",
    "version": "3.13.1"
  },
  "dynamiclights-v1.8.6-mc1.17-1.21.5-mod.jar": {
    "jarName": "dynamiclights-v1.8.6-mc1.17-1.21.5-mod.jar",
    "modId": "dynamiclights",
    "version": "1.8.6+mod"
  },
  "embeddium-0.3.31+mc1.20.1.jar": {
    "jarName": "embeddium-0.3.31+mc1.20.1.jar",
    "modId": "embeddium",
    "version": "0.3.31+mc1.20.1"
  },
  "entity_model_features_forge_1.20.1-2.4.1.jar": {
    "jarName": "entity_model_features_forge_1.20.1-2.4.1.jar",
    "modId": "entity_model_features",
    "version": "2.4.1"
  },
  "entity_texture_features_forge_1.20.1-6.2.9.jar": {
    "jarName": "entity_texture_features_forge_1.20.1-6.2.9.jar",
    "modId": "entity_texture_features",
    "version": "6.2.9"
  },
  "Essential_1-3-8-4_forge_1-20-1.jar": {
    "jarName": "Essential_1-3-8-4_forge_1-20-1.jar",
    "modId": "essential-container"
  },
  "ExplorersCompass-1.20.1-1.3.3-forge.jar": {
    "jarName": "ExplorersCompass-1.20.1-1.3.3-forge.jar",
    "modId": "explorerscompass",
    "version": "1.20.1-1.3.3-forge"
  },
  "fancymenu_forge_3.6.4_MC_1.20.1.jar": {
    "jarName": "fancymenu_forge_3.6.4_MC_1.20.1.jar",
    "modId": "fancymenu",
    "version": "3.6.4"
  },
  "FarmersDelight-1.20.1-1.2.8.jar": {
    "jarName": "FarmersDelight-1.20.1-1.2.8.jar",
    "modId": "farmersdelight",
    "version": "1.20.1-1.2.8"
  },
  "farmersrespite-1.20.1-2.1.2.jar": {
    "jarName": "farmersrespite-1.20.1-2.1.2.jar",
    "modId": "farmersrespite",
    "version": "1.20.1-2.1"
  },
  "ferritecore-6.0.1-forge.jar": {
    "jarName": "ferritecore-6.0.1-forge.jar",
    "modId": "ferritecore",
    "version": "6.0.1"
  },
  "fireflybush-2.0.0-forge-1.20.1.jar": {
    "jarName": "fireflybush-2.0.0-forge-1.20.1.jar",
    "modId": "fireflybush",
    "version": "1.0.0"
  },
  "flowerymooblooms-forge-mc1.20.1-2.0.2.jar": {
    "jarName": "flowerymooblooms-forge-mc1.20.1-2.0.2.jar",
    "modId": "flowerymooblooms",
    "version": "2.0.2"
  },
  "foglooksgoodnow-1.0.1.jar": {
    "jarName": "foglooksgoodnow-1.0.1.jar",
    "modId": "foglooksgoodnow",
    "version": "1.1.1"
  },
  "friendsandfoes-forge-mc1.20.1-3.0.9.jar": {
    "jarName": "friendsandfoes-forge-mc1.20.1-3.0.9.jar",
    "modId": "friendsandfoes",
    "version": "3.0.9"
  },
  "geckolib-forge-1.20.1-4.7.3.jar": {
    "jarName": "geckolib-forge-1.20.1-4.7.3.jar",
    "modId": "geckolib",
    "version": "4.7.3"
  },
  "Geophilic v3.4.2 f15-80.mod.jar": {
    "jarName": "Geophilic v3.4.2 f15-80.mod.jar",
    "modId": "geophilic",
    "version": "3.4.2"
  },
  "handcrafted-forge-1.20.1-3.0.6.jar": {
    "jarName": "handcrafted-forge-1.20.1-3.0.6.jar",
    "modId": "handcrafted",
    "version": "3.0.6"
  },
  "harderspawners-1.20-46.25.3.jar": {
    "jarName": "harderspawners-1.20-46.25.3.jar",
    "modId": "harderspawners",
    "version": "46.25.3"
  },
  "healingcampfire-1.20.1-6.2.jar": {
    "jarName": "healingcampfire-1.20.1-6.2.jar",
    "modId": "healingcampfire",
    "version": "6.2"
  },
  "Iceberg-1.20.1-forge-1.1.25.jar": {
    "jarName": "Iceberg-1.20.1-forge-1.1.25.jar",
    "modId": "iceberg",
    "version": "1.1.25"
  },
  "IllagerInvasion-v8.0.7-1.20.1-Forge.jar": {
    "jarName": "IllagerInvasion-v8.0.7-1.20.1-Forge.jar",
    "modId": "illagerinvasion",
    "version": "8.0.7"
  },
  "ImmediatelyFast-Forge-1.5.1+1.20.4.jar": {
    "jarName": "ImmediatelyFast-Forge-1.5.1+1.20.4.jar",
    "modId": "immediatelyfast",
    "version": "1.5.1+1.20.4"
  },
  "inventory-expansion-forge-1.2.1.jar": {
    "jarName": "inventory-expansion-forge-1.2.1.jar",
    "modId": "invexp",
    "version": "1.2.1"
  },
  "InventoryFree-1.20.1-3.2.1.jar": {
    "jarName": "InventoryFree-1.20.1-3.2.1.jar",
    "modId": "inventory_free",
    "version": "1.20.1-3.2.1"
  },
  "jamlib-forge-1.3.5+1.20.1.jar": {
    "jarName": "jamlib-forge-1.3.5+1.20.1.jar",
    "modId": "jamlib",
    "version": "1.3.5+1.20.1"
  },
  "konkrete_forge_1.8.0_MC_1.20-1.20.1.jar": {
    "jarName": "konkrete_forge_1.8.0_MC_1.20-1.20.1.jar",
    "modId": "konkrete",
    "version": "1.8.0"
  },
  "kotlinforforge-4.11.0-all.jar": {
    "jarName": "kotlinforforge-4.11.0-all.jar"
  },
  "largemeals-1.20.1-1.3.0.jar": {
    "jarName": "largemeals-1.20.1-1.3.0.jar",
    "modId": "largemeals",
    "version": "1.20.1-1.3.0"
  },
  "LegendaryTooltips-1.20.1-forge-1.4.5.jar": {
    "jarName": "LegendaryTooltips-1.20.1-forge-1.4.5.jar",
    "modId": "legendarytooltips",
    "version": "1.4.5"
  },
  "LeonsSpookyMusic+M1.20.1+ForM.1.0.1.jar": {
    "jarName": "LeonsSpookyMusic+M1.20.1+ForM.1.0.1.jar",
    "modId": "ls_spooky_music",
    "version": "1.0.1"
  },
  "letmedespawn-1.20.x-forge-1.5.0.jar": {
    "jarName": "letmedespawn-1.20.x-forge-1.5.0.jar",
    "modId": "letmedespawn",
    "version": "1.5.0"
  },
  "melody_forge_1.0.3_MC_1.20.1-1.20.4.jar": {
    "jarName": "melody_forge_1.0.3_MC_1.20.1-1.20.4.jar",
    "modId": "melody",
    "version": "1.0.2"
  },
  "modelfix-1.15.jar": {
    "jarName": "modelfix-1.15.jar",
    "modId": "modelfix",
    "version": "1.15"
  },
  "modernfix-forge-5.24.3+mc1.20.1.jar": {
    "jarName": "modernfix-forge-5.24.3+mc1.20.1.jar",
    "modId": "modernfix",
    "version": "5.24.3+mc1.20.1"
  },
  "NaturesCompass-1.20.1-1.11.2-forge.jar": {
    "jarName": "NaturesCompass-1.20.1-1.11.2-forge.jar",
    "modId": "naturescompass",
    "version": "1.20.1-1.11.2-forge"
  },
  "NorthernCompass-Forge-1.20.1-1.0.16.jar": {
    "jarName": "NorthernCompass-Forge-1.20.1-1.0.16.jar",
    "modId": "northerncompass",
    "version": "1.20.1-1.0.16"
  },
  "notenoughanimations-forge-1.10.1-mc1.20.1.jar": {
    "jarName": "notenoughanimations-forge-1.10.1-mc1.20.1.jar",
    "modId": "notenoughanimations",
    "version": "1.10.1"
  },
  "notenoughcrashes-4.4.9+1.20.1-forge.jar": {
    "jarName": "notenoughcrashes-4.4.9+1.20.1-forge.jar",
    "modId": "notenoughcrashes",
    "version": "4.4.9+1.20.1"
  },
  "notreepunching-forge-1.20-7.1.0.jar": {
    "jarName": "notreepunching-forge-1.20-7.1.0.jar",
    "modId": "notreepunching",
    "version": "7.1.0"
  },
  "Nullscape_1.20.x_v1.2.8.jar": {
    "jarName": "Nullscape_1.20.x_v1.2.8.jar",
    "modId": "nullscape",
    "version": "1.2.8"
  },
  "palegardenbackport-forge-2.0.3+1.20.1.jar": {
    "jarName": "palegardenbackport-forge-2.0.3+1.20.1.jar",
    "modId": "palegardenbackport",
    "version": "2.0.3"
  },
  "Patchouli-1.20.1-84.1-FORGE.jar": {
    "jarName": "Patchouli-1.20.1-84.1-FORGE.jar",
    "modId": "patchouli",
    "version": "1.20.1-84.1-FORGE"
  },
  "player-animation-lib-forge-1.0.2-rc1+1.20.jar": {
    "jarName": "player-animation-lib-forge-1.0.2-rc1+1.20.jar",
    "modId": "playeranimator",
    "version": "1.0.2-rc1+1.20"
  },
  "polymorph-forge-0.49.10+1.20.1.jar": {
    "jarName": "polymorph-forge-0.49.10+1.20.1.jar",
    "modId": "polymorph",
    "version": "0.49.10+1.20.1"
  },
  "Prism-1.20.1-forge-1.0.5.jar": {
    "jarName": "Prism-1.20.1-forge-1.0.5.jar",
    "modId": "prism",
    "version": "1.0.5"
  },
  "PuzzlesLib-v8.1.32-1.20.1-Forge.jar": {
    "jarName": "PuzzlesLib-v8.1.32-1.20.1-Forge.jar",
    "modId": "puzzleslib",
    "version": "8.1.32"
  },
  "Quark-4.0-462.jar": {
    "jarName": "Quark-4.0-462.jar",
    "modId": "quark",
    "version": "4.0-462"
  },
  "random_copper_backport-1.0.0-forge-1.20.1.jar": {
    "jarName": "random_copper_backport-1.0.0-forge-1.20.1.jar",
    "modId": "random_copper_backport",
    "version": "1.0.0"
  },
  "realmrpg_skeletons-1.1.0-forge-1.20.1.jar": {
    "jarName": "realmrpg_skeletons-1.1.0-forge-1.20.1.jar",
    "modId": "realmrpg_skeletons",
    "version": "1.1.0"
  },
  "recall_potion-1.4.0-forge-1.20.1.jar": {
    "jarName": "recall_potion-1.4.0-forge-1.20.1.jar",
    "modId": "recall_potion",
    "version": "1.4.0"
  },
  "resourcefullib-forge-1.20.1-2.1.29.jar": {
    "jarName": "resourcefullib-forge-1.20.1-2.1.29.jar",
    "modId": "resourcefullib",
    "version": "2.1.29"
  },
  "rightclickharvest-forge-4.5.3+1.20.1.jar": {
    "jarName": "rightclickharvest-forge-4.5.3+1.20.1.jar",
    "modId": "rightclickharvest",
    "version": "4.5.3+1.20.1"
  },
  "sanitydim-mc1.20-1.1.0.jar": {
    "jarName": "sanitydim-mc1.20-1.1.0.jar",
    "modId": "sanitydim",
    "version": "1.1.0"
  },
  "seeker_compass-1.20.1-4.0.0.jar": {
    "jarName": "seeker_compass-1.20.1-4.0.0.jar",
    "modId": "seeker_compass",
    "version": "4.0.0"
  },
  "sophisticatedbackpacks-1.20.1-3.23.23.1285.jar": {
    "jarName": "sophisticatedbackpacks-1.20.1-3.23.23.1285.jar",
    "modId": "sophisticatedbackpacks",
    "version": "3.23.23.1285"
  },
  "sophisticatedcore-1.20.1-1.2.78.1052.jar": {
    "jarName": "sophisticatedcore-1.20.1-1.2.78.1052.jar",
    "modId": "sophisticatedcore",
    "version": "1.2.78.1052"
  },
  "sound-physics-remastered-forge-1.20.1-1.4.15.jar": {
    "jarName": "sound-physics-remastered-forge-1.20.1-1.4.15.jar",
    "modId": "sound_physics_remastered",
    "version": "1.20.1-1.4.15"
  },
  "steves_lava_chicken_music_disc-1.0.1-forge-1.20.1.jar": {
    "jarName": "steves_lava_chicken_music_disc-1.0.1-forge-1.20.1.jar",
    "modId": "steves_lava_chicken_music_disc",
    "version": "1.0.1"
  },
  "TerraBlender-forge-1.20.1-3.0.1.10.jar": {
    "jarName": "TerraBlender-forge-1.20.1-3.0.1.10.jar",
    "modId": "terrablender",
    "version": "3.0.1.10"
  },
  "Terralith_1.20.x_v2.5.4.jar": {
    "jarName": "Terralith_1.20.x_v2.5.4.jar",
    "modId": "terralith",
    "version": "2.5.4"
  },
  "thirstcanteen-1.20.1-2.0.jar": {
    "jarName": "thirstcanteen-1.20.1-2.0.jar",
    "modId": "thirstcanteen",
    "version": "1.20.1-2.0"
  },
  "ThirstWasTaken-1.20.1-1.4.0.jar": {
    "jarName": "ThirstWasTaken-1.20.1-1.4.0.jar",
    "modId": "thirst",
    "version": "1.20.1-1.4.0"
  },
  "treeharvester-1.20.1-9.1.jar": {
    "jarName": "treeharvester-1.20.1-9.1.jar",
    "modId": "treeharvester",
    "version": "9.1"
  },
  "Trials-2.3.3.jar": {
    "jarName": "Trials-2.3.3.jar",
    "modId": "trials",
    "version": "2.3.3"
  },
  "TWT-Respite-Boiling-Water.jar": {
    "jarName": "TWT-Respite-Boiling-Water.jar",
    "modId": "twt_respite",
    "version": "0.0.1"
  },
  "VoidFog-1.20.1-2.0.23.jar": {
    "jarName": "VoidFog-1.20.1-2.0.23.jar",
    "modId": "voidfog",
    "version": "1.20.1-2.0.23"
  },
  "watut-forge-1.20.1-1.2.3.jar": {
    "jarName": "watut-forge-1.20.1-1.2.3.jar",
    "modId": "watut",
    "version": "1.20.1-1.2.3"
  },
  "What-Is-Stone_1.20.1_FORGE_v1.0.jar": {
    "jarName": "What-Is-Stone_1.20.1_FORGE_v1.0.jar",
    "modId": "what_is_stone",
    "version": "0.1"
  },
  "wormholepotion-1.2.jar": {
    "jarName": "wormholepotion-1.2.jar",
    "modId": "wormholepotion",
    "version": "1.0"
  },
  "Xaeros_Minimap_FP24.2.0_Forge_1.20.jar": {
    "jarName": "Xaeros_Minimap_FP24.2.0_Forge_1.20.jar",
    "modId": "xaerominimapfair",
    "version": "24.2.0"
  },
  "XaerosWorldMap_1.39.12_Forge_1.20.jar": {
    "jarName": "XaerosWorldMap_1.39.12_Forge_1.20.jar",
    "modId": "xaeroworldmap",
    "version": "1.39.12"
  },
  "YeetusExperimentus-Forge-2.3.1-build.6+mc1.20.1.jar": {
    "jarName": "YeetusExperimentus-Forge-2.3.1-build.6+mc1.20.1.jar",
    "modId": "yeetusexperimentus",
    "version": "2.3.1-build.6+mc1.20.1"
  },
  "YungsApi-1.20-Forge-4.0.6.jar": {
    "jarName": "YungsApi-1.20-Forge-4.0.6.jar",
    "modId": "yungsapi",
    "version": "1.20-Forge-4.0.6"
  },
  "YungsBetterDungeons-1.20-Forge-4.0.4.jar": {
    "jarName": "YungsBetterDungeons-1.20-Forge-4.0.4.jar",
    "modId": "betterdungeons",
    "version": "1.20-Forge-4.0.4"
  },
  "YungsBetterEndIsland-1.20-Forge-2.0.6.jar": {
    "jarName": "YungsBetterEndIsland-1.20-Forge-2.0.6.jar",
    "modId": "betterendisland",
    "version": "1.20-Forge-2.0.6"
  },
  "YungsBetterNetherFortresses-1.20-Forge-2.0.6.jar": {
    "jarName": "YungsBetterNetherFortresses-1.20-Forge-2.0.6.jar",
    "modId": "betterfortresses",
    "version": "1.20-Forge-2.0.6"
  },
  "YungsBetterOceanMonuments-1.20-Forge-3.0.4.jar": {
    "jarName": "YungsBetterOceanMonuments-1.20-Forge-3.0.4.jar",
    "modId": "betteroceanmonuments",
    "version": "1.20-Forge-3.0.4"
  },
  "YungsCaveBiomes-1.20.1-Forge-2.0.5.jar": {
    "jarName": "YungsCaveBiomes-1.20.1-Forge-2.0.5.jar",
    "modId": "yungscavebiomes",
    "version": "1.20.1-Forge-2.0.5"
  },
  "Zeta-1.0-30.jar": {
    "jarName": "Zeta-1.0-30.jar",
    "modId": "zeta",
    "version": "1.0-30"
  }
}