{
  "effects": {
    "paladins:divine_protection": {
      "attributes": []
    },
    "paladins:battle_banner": {
      "attributes": [
        {
          "attribute": "minecraft:generic.attack_speed",
          "value": 0.4,
          "operation": "ADD_MULTIPLIED_BASE"
        },
        {
          "attribute": "spell_power:haste",
          "value": 0.4,
          "operation": "ADD_MULTIPLIED_BASE"
        },
        {
          "attribute": "minecraft:generic.knockback_resistance",
          "value": 0.4,
          "operation": "ADD_MULTIPLIED_BASE"
        },
        {
          "attribute": "ranged_weapon:haste",
          "value": 0.4,
          "operation": "ADD_MULTIPLIED_BASE"
        }
      ]
    },
    "paladins:judgement": {
      "attributes": [
        {
          "attribute": "minecraft:generic.jump_strength",
          "value": 0.0,
          "operation": "ADD_MULTIPLIED_TOTAL"
        }
      ]
    },
    "paladins:priest_absorption": {
      "attributes": [
        {
          "attribute": "minecraft:generic.max_absorption",
          "value": 2.0,
          "operation": "ADD_VALUE"
        }
      ]
    }
  }
}